['08.段奕宏（上）：从烈日灼心到暴雪将至，他怎么演活人性挣扎？'],http://audio.xmcdn.com/group35/M03/EA/69/wKgJnFoOtXPxTnsVAJ3IhixvCo0734.m4a,2017-11-17
['07.冯远征（下）：我为什么敢演另类？'],http://audio.xmcdn.com/group35/M03/C1/C2/wKgJnFoNWgyQgxhFALxkFaB9QGg642.m4a,2017-11-15
"['06.冯远征（中）技术流VS真性情', '哪种演员更胜一筹']",http://audio.xmcdn.com/group35/M07/C1/9E/wKgJnFoNWN_irw9CALMR4ufkjb8885.m4a,2017-11-13
['05.冯远征(上）：做演员前，我每天砸500多条拉链'],http://audio.xmcdn.com/group35/M05/C1/56/wKgJnFoNVsTzvYnZAJXAtyCe9i8149.m4a,2017-11-10
['04.秦海璐（下）：有一天剧组就剩42块钱了'],http://audio.xmcdn.com/group35/M00/C1/34/wKgJnFoNVa3DMRknAFnLLLuq8RE799.m4a,2017-11-09
['03.秦海璐（上）：演员太会演，是好事吗？'],http://audio.xmcdn.com/group35/M07/77/2A/wKgJnVoNVSLyqu3SAGYjPpn63EI506.m4a,2017-11-08
['02.黄渤（下）：我怎么和牛培养感情'],http://audio.xmcdn.com/group35/M0B/77/19/wKgJnVoNVIvhoNONAHwPmOxqEwM693.m4a,2017-11-07
['01.黄渤（上）：一个“哦”，有一百种演法'],http://audio.xmcdn.com/group35/M06/C0/16/wKgJnFoNTU_hjIM_AGAY-Jcor3M316.m4a,2017-11-06
['【序言】周迅：十二位演员，为表演者“言”'],http://audio.xmcdn.com/group33/M05/55/89/wKgJUVoADdrw4XtUAAWWjTN0PZY121.m4a,2017-11-06
['【序言】黄渤：把最本真的东西还原到角色中'],http://audio.xmcdn.com/group33/M07/55/93/wKgJUVoADi2hSvJAAAxhLE6sUO0342.m4a,2017-11-06
['【序言】秦海璐：从源头汲取创作的养分'],http://audio.xmcdn.com/group33/M06/9F/14/wKgJTFoADn3woP0zAAxs7NUnmQ8175.m4a,2017-11-06
['【序言】冯远征：塑造人物，离不开“筋骨”两字'],http://audio.xmcdn.com/group33/M06/55/9F/wKgJUVoADqXwrjuCAAnfdlI1cjQ087.m4a,2017-11-06
['【序言】奚美娟：把有血肉的角色呈现出来，这就是温度'],http://audio.xmcdn.com/group33/M02/55/AA/wKgJUVoADwLyYaumAAY7Ay0aBOA530.m4a,2017-11-06
['【序言】吴君如：好演员需要时代磨砺造就'],http://audio.xmcdn.com/group33/M03/9F/28/wKgJTFoADzWhAEjXAAnsrrExUIM982.m4a,2017-11-06
['【序言】蒋雯丽：如何更好的理解、爱角色'],http://audio.xmcdn.com/group33/M03/55/B5/wKgJUVoAD13x6Fa8AAdt675K5p4068.m4a,2017-11-06
['【序言】段奕宏：我喜欢跟无所畏惧的人一起创作'],http://audio.xmcdn.com/group33/M04/9F/32/wKgJTFoAD4yyO4nFAAxogglVgJs037.m4a,2017-11-06
['【序言】赵立新：在岁月的沉淀中焕发出光彩'],http://audio.xmcdn.com/group33/M00/55/BF/wKgJUVoAD6qwRPvVAAdz0MHn7qg003.m4a,2017-11-06
['【序言】王千源：在磨练中把不切实际的东西抛诸脑后'],http://audio.xmcdn.com/group33/M00/55/C3/wKgJUVoAD9WAp-wMAAdDVc65big956.m4a,2017-11-06
['【序言】王庆祥：观察、思考和应用，缺一不可'],http://audio.xmcdn.com/group33/M01/55/C5/wKgJUVoAD-zwZanzAAd-EoblslU305.m4a,2017-11-06
['【序言】易烊千玺：在学习的过程中向前辈看齐'],http://audio.xmcdn.com/group33/M01/55/C8/wKgJUVoAEAzCRmd4AAZF93QqIqA187.m4a,2017-11-06
['月入2万也遇“养娃难”？这笔帐需提早算！'],http://audio.xmcdn.com/group35/M03/E3/AF/wKgJnFoOfa3Qs_NUAEX1UyRoYaI649.m4a,2017-11-17
['总是“理”不出钱？职场人如何自救？'],http://audio.xmcdn.com/group32/M05/F4/D9/wKgJUFoFYsuz6o53AE1zF4l74qE276.m4a,2017-11-10
"['财经三剑客', '解码中国式家庭理财', '【转采】']",http://audio.xmcdn.com/group32/M09/DF/2C/wKgJUFn8OtSx4jGNATqi3QAHgKM254.m4a,2017-11-03
['为什么存不下钱？你需要避开这些“坑”！'],http://audio.xmcdn.com/group34/M01/3A/5C/wKgJYVnxpsmC9yaoAFQF7CUL0q0043.m4a,2017-10-26
['大咖对话，揭秘财富增值之道'],http://audio.xmcdn.com/group34/M04/75/66/wKgJYFnuoWnzTia6ASA9ITKwKTY319.m4a,2017-10-24
['张杰首谈孩子，讲故事哄谢娜睡觉|2017冬季星空演讲'],http://audio.xmcdn.com/group35/M00/70/B9/wKgJnVoNGtvApDnbAMdND-8TXHE614.m4a,2017-11-16
"['佟丽娅：""儿子娃娃”丫丫，我是喝鹿血酒吃鹿肉长大的|2017冬季星空演讲']",http://audio.xmcdn.com/group35/M05/70/86/wKgJnVoNGUHwQMaZAIp5xK4WgVY031.m4a,2017-11-16
['杨紫：平凡女孩的新演员之道，谈追梦现场哽咽落泪|2017冬季星空演讲'],http://audio.xmcdn.com/group35/M01/70/C2/wKgJnVoNGyGRLxBcAGF8gpkG4-4931.m4a,2017-11-16
['黄圣依：回应隐婚十年原因，为保护杨子与前妻的女儿|2017冬季星空演讲'],http://audio.xmcdn.com/group35/M02/70/D7/wKgJnVoNG8OhdU7bAIs-jFui10g891.m4a,2017-11-16
['俞敏洪：搞笑调侃高晓松黄渤，什么是中年油腻男|2017冬季星空演讲'],http://audio.xmcdn.com/group35/M00/BA/CD/wKgJnFoNHHGSJ44UAKeGabMZOJo216.m4a,2017-11-16
['叫兽易小星：我与自卑的战斗史|2017冬季星空演讲'],http://audio.xmcdn.com/group35/M04/70/DC/wKgJnVoNG_zRm4mSAJsn-hMXpqM220.m4a,2017-11-16
['作家马原：我是如何逃离北上广的|2017冬季星空演讲'],http://audio.xmcdn.com/group35/M0B/BA/DA/wKgJnFoNHOCxCHAJAIs3p7F8Bas269.m4a,2017-11-16
"['燃情岁月|天冷了，你加衣服了么', '【转采】']",http://audio.xmcdn.com/group33/M02/63/C2/wKgJUVoAYBywy4PoAB8J_AF5b5E694.m4a,2017-11-08
"['3.||学会珍视与爱||天冷了，你加衣服了么', '【转采】']",http://audio.xmcdn.com/group32/M05/BB/37/wKgJUFn65u3wdYNFACnRLZbOlQ0303.m4a,2017-11-08
"['2.||绿皮火车之旅||天冷了，你加衣服了么', '【转采】']",http://audio.xmcdn.com/group32/M07/F9/68/wKgJS1n6htrQuOx4ACeu7MR09wI643.m4a,2017-11-08
"['1.||追风筝的深夜问安||天冷了，你加衣服了么', '【转采】']",http://audio.xmcdn.com/group32/M09/B9/E5/wKgJS1n4MPCgmFhlACwPVbPcjoc790.m4a,2017-11-01
"['邓伦：遇见你就像找到了真的自己|《朱生豪情书》节选', '【转采】']",http://audio.xmcdn.com/group26/M05/B3/19/wKgJWFjYpg-hbK3mABwhgMikrqU917.m4a,2017-10-19
"['番茄炒鸡蛋式爱情『关』|《人间烟火气》佟大为', '【转采】']",http://audio.xmcdn.com/group32/M09/37/78/wKgJS1mvu9SRxGpJAB_I4jEYzhw193.m4a,2017-10-16
"['高汤式职场『关』|《人间烟火气》佟大为', '【转采】']",http://audio.xmcdn.com/group32/M08/39/E6/wKgJnFmv4EGQevloACApzqCa9Cw493.m4a,2017-10-16
"['土豆丝儿式生活『关』|《人间烟火气》佟大为', '【转采】']",http://audio.xmcdn.com/group32/M09/44/AB/wKgJnFmxA-fTPSDEABx1MZIjsWY900.m4a,2017-10-16
"['丁人间的自白', '|《人间烟火气》佟大为', '【转采】']",http://audio.xmcdn.com/group31/M07/44/01/wKgJSVmue2PhhrlmAB7pr7MLMDQ621.m4a,2017-10-16
"['这是一条来自俞灏明的表白心声|《俞灏明の日/夜》', '【转采】']",http://audio.xmcdn.com/group34/M00/90/5B/wKgJYVnaI4yB78SgABntnU65hjQ066.m4a,2017-10-16
"['杜明礼致胡咏梅：如果有来生，我会…|俞灏明の日/夜', '【转采】']",http://audio.xmcdn.com/group30/M0B/CA/D5/wKgJXlnUwxOC3ciiACyGRgagzVg008.m4a,2017-10-16
"['黑我可以，但请“高级”一些|俞灏明の日/夜', '【转采】']",http://audio.xmcdn.com/group30/M09/A0/EB/wKgJXlnQz9GzJKhFACJ1LkyL9zw932.m4a,2017-10-16
"['我是DJ俞，晚上想跟你们说的话在这儿悄悄说…|俞灏明の日/夜', '【转采】']",http://audio.xmcdn.com/group30/M06/3A/17/wKgJXlnM1s6jkUP-ACXZBj8vq9I399.m4a,2017-10-16
"['爱的礼赞', '【转采】']",http://audio.xmcdn.com/group30/M03/02/B9/wKgJXlnLBTKx-u4sACNRu9o3MQ0992.m4a,2017-09-28
"['当诗遇上歌——那些被唱成旋律的诗（下）', '【转采】']",http://audio.xmcdn.com/group30/M01/AA/9C/wKgJXlm3elKhzWT-ACIxoD_TZs8199.m4a,2017-09-13
"['当诗遇上歌——那些被唱成旋律的诗（上）', '【转采】']",http://audio.xmcdn.com/group31/M06/A9/95/wKgJX1mua0mwHxWsAB9nGqxh_8A290.m4a,2017-09-06
"['七夕特辑：一份爱的致意', '【转采】']",http://audio.xmcdn.com/group33/M07/BF/37/wKgJnVmip2LxDm_3ACEpTt4Lz7M310.m4a,2017-08-28
['乱世枭雄001'],http://audio.xmcdn.com/group14/M01/01/DA/wKgDZFa-morTc4-KAKwf_pn9osA601.m4a,2013-03-28
['乱世枭雄002'],http://audio.xmcdn.com/group12/M04/00/75/wKgDW1a-mpawiiJ7AK0yD0-YLWY601.m4a,2013-03-27
['乱世枭雄003'],http://audio.xmcdn.com/group12/M04/00/75/wKgDW1a-mpyTNrvNAKpQOb_4oNI530.m4a,2013-03-27
['乱世枭雄004'],http://audio.xmcdn.com/group12/M04/00/76/wKgDXFa-mqahp2ffAKskxzuzYjE535.m4a,2013-03-27
['乱世枭雄005'],http://audio.xmcdn.com/group12/M04/00/76/wKgDXFa-mrXDKGWlAKnZXAiDVUY237.m4a,2013-03-27
['乱世枭雄006'],http://audio.xmcdn.com/group12/M04/00/76/wKgDW1a-msOgjQGFAKwDytWFiHI750.m4a,2013-03-27
['乱世枭雄007'],http://audio.xmcdn.com/group16/M02/00/5A/wKgDbFa-msnCPXQ4AKu0pWYOg94347.m4a,2013-03-27
['乱世枭雄008'],http://audio.xmcdn.com/group16/M02/00/5B/wKgDbFa-ms-wqolcAKt0FYO1KJ4868.m4a,2013-03-27
['乱世枭雄009'],http://audio.xmcdn.com/group15/M01/FF/A9/wKgDaFa-muLid90oAKsvMLwhuSg427.m4a,2013-03-27
['乱世枭雄010'],http://audio.xmcdn.com/group15/M01/FF/89/wKgDZVa-mu7hYVwOAKpdedxdyR8652.m4a,2013-03-27
['乱世枭雄011'],http://audio.xmcdn.com/group15/M01/FF/8A/wKgDZVa-mv_QxC6ZAKu9YUjY0H0981.m4a,2013-03-27
['乱世枭雄012'],http://audio.xmcdn.com/group15/M01/FF/AA/wKgDaFa-mvbyOOrzAKuu2tqWSjY766.m4a,2013-03-27
['乱世枭雄013'],http://audio.xmcdn.com/group15/M01/FF/8A/wKgDZVa-mwSg9j-MAKvWdZDpHFs953.m4a,2013-03-27
['乱世枭雄014'],http://audio.xmcdn.com/group9/M01/00/EE/wKgDZla-mxWhOmaHAKs8P9Q2GC4580.m4a,2013-03-27
['乱世枭雄015'],http://audio.xmcdn.com/group9/M01/00/A3/wKgDYla-mxzjQni2AKrOYKNR828178.m4a,2013-03-27
['乱世枭雄016'],http://audio.xmcdn.com/group9/M01/00/EE/wKgDZla-my2ARSf9AKsag4KXQNM642.m4a,2013-03-27
['乱世枭雄017'],http://audio.xmcdn.com/group9/M01/00/A4/wKgDYla-mzHxu8YsAKpzSfHgk-M951.m4a,2013-03-27
['乱世枭雄018'],http://audio.xmcdn.com/group10/M09/FF/64/wKgDaVa-mzrSLgcuAKvQcxJgnvk453.m4a,2013-03-28
['乱世枭雄019'],http://audio.xmcdn.com/group16/M04/00/5C/wKgDbFa-m0iBp623AKo9M0nd-lk936.m4a,2013-03-27
['乱世枭雄020'],http://audio.xmcdn.com/group14/M00/01/DB/wKgDZFa-m1aiOwl7AKsdl_y0gyk736.m4a,2013-03-27
['乱世枭雄021'],http://audio.xmcdn.com/group14/M00/02/02/wKgDY1a-m1fR4wRoAKpLxozsnag789.m4a,2013-03-27
['乱世枭雄022'],http://audio.xmcdn.com/group10/M09/FF/65/wKgDaVa-m2XiwYLUAKrHCo9boqk554.m4a,2013-03-27
['乱世枭雄023'],http://audio.xmcdn.com/group10/M09/FC/31/wKgDZ1a-m2_i4bxMAKtJl3vHoBI573.m4a,2013-03-27
['乱世枭雄024'],http://audio.xmcdn.com/group7/M02/01/BD/wKgDWla-m3_zyIp7AKwrZXszCmk755.m4a,2013-03-27
['乱世枭雄025'],http://audio.xmcdn.com/group7/M02/01/A6/wKgDX1a-m4Khipi4AKrDn9SJwQ0373.m4a,2013-03-27
['乱世枭雄026'],http://audio.xmcdn.com/group7/M02/01/A6/wKgDX1a-m5bQOGGRAKqTszta0E0439.m4a,2013-03-27
['乱世枭雄027'],http://audio.xmcdn.com/group7/M02/01/A6/wKgDX1a-m5fzfOkXAKphx55RUaw780.m4a,2013-03-27
['乱世枭雄028'],http://audio.xmcdn.com/group13/M00/01/1A/wKgDXla-m6nwmyuXAKsjgHBzNb4707.m4a,2013-03-27
['乱世枭雄029'],http://audio.xmcdn.com/group13/M00/01/1A/wKgDXla-m66z2qK4AKuruxvmxnQ124.m4a,2013-03-27
['乱世枭雄030'],http://audio.xmcdn.com/group13/M00/01/1A/wKgDXla-m7SCokExAKrqGjrUX_U756.m4a,2013-03-27
['乱世枭雄031'],http://audio.xmcdn.com/group11/M0A/F3/1C/wKgDa1a-m8CwYPF5AKpb0a_lCOk873.m4a,2013-03-27
['乱世枭雄032'],http://audio.xmcdn.com/group11/M0A/F3/1C/wKgDa1a-m8yyWmuwAKsUvB3zOx4384.m4a,2013-03-27
['乱世枭雄033'],http://audio.xmcdn.com/group11/M0A/F3/1C/wKgDa1a-m9fwABEIAKo9aIMVu5M277.m4a,2013-03-27
['乱世枭雄034'],http://audio.xmcdn.com/group11/M0A/F3/1C/wKgDa1a-m-DihpRyAKswgzt6Y3A202.m4a,2013-03-27
['乱世枭雄035'],http://audio.xmcdn.com/group16/M05/00/7A/wKgDala-m-rQIuo0AKtpuVoE56c094.m4a,2013-03-27
['乱世枭雄036'],http://audio.xmcdn.com/group16/M05/00/5C/wKgDbFa-m_LwrtmmAKpkuV7OOdE123.m4a,2013-03-27
['乱世枭雄037'],http://audio.xmcdn.com/group14/M04/02/02/wKgDY1a-nADRaCZGAKs39-iVq2M431.m4a,2013-03-27
['乱世枭雄038'],http://audio.xmcdn.com/group14/M04/02/03/wKgDY1a-nArwbQ9LAKsRtWmKdXg847.m4a,2013-03-27
['乱世枭雄039'],http://audio.xmcdn.com/group14/M04/01/DC/wKgDZFa-nBWBRqWSAKr9UEaOpXA944.m4a,2013-03-27
['乱世枭雄040'],http://audio.xmcdn.com/group10/M02/FC/32/wKgDZ1a-nBzBVsA_AKuhmkpWe40070.m4a,2013-03-27
['乱世枭雄041'],http://audio.xmcdn.com/group12/M08/00/77/wKgDXFa-nC6SjOHtAKty9oEIjDY833.m4a,2013-03-27
['乱世枭雄042'],http://audio.xmcdn.com/group12/M08/00/77/wKgDXFa-nDnCAnepAKo3PUbpEAM396.m4a,2013-03-27
['乱世枭雄043'],http://audio.xmcdn.com/group13/M02/01/1A/wKgDXla-nD6gFuRqAKrzF1cPf-I039.m4a,2013-03-27
['乱世枭雄044'],http://audio.xmcdn.com/group9/M05/00/EF/wKgDZla-nEOT-cSoAKsI6E6U17Q909.m4a,2013-03-27
['乱世枭雄045'],http://audio.xmcdn.com/group9/M05/00/A5/wKgDYla-nFiAH6R5AKoqOoUvdUg498.m4a,2013-03-27
['乱世枭雄046'],http://audio.xmcdn.com/group13/M02/01/1F/wKgDXVa-nGigpoo5AKpx9nowcbs545.m4a,2013-03-27
['乱世枭雄047'],http://audio.xmcdn.com/group13/M07/01/1B/wKgDXla-nGbRRQGfAKrCf7Sdt3w096.m4a,2013-03-27
['乱世枭雄048'],http://audio.xmcdn.com/group12/M09/00/77/wKgDW1a-nGyBM1z-AKsWTANk9Cc560.m4a,2013-03-27
['乱世枭雄049'],http://audio.xmcdn.com/group8/M09/00/88/wKgDYFa-nH3h5GlhAKsyH6SQT6Q467.m4a,2013-03-27
['乱世枭雄050'],http://audio.xmcdn.com/group8/M09/00/89/wKgDYFa-nI-yxpRAAKsHlVSW4Ls941.m4a,2013-03-27
['乱世枭雄051'],http://audio.xmcdn.com/group8/M09/00/8F/wKgDYVa-nJKDol1SAKpymkt2nQg841.m4a,2013-03-27
['乱世枭雄052'],http://audio.xmcdn.com/group8/M09/00/89/wKgDYFa-nJby05ezAKs3_S4ccrY108.m4a,2013-03-27
['乱世枭雄053'],http://audio.xmcdn.com/group16/M01/00/5D/wKgDbFa-nKziCSRcAKsUvO6j4g8304.m4a,2013-03-27
['乱世枭雄054'],http://audio.xmcdn.com/group14/M03/01/DC/wKgDZFa-nLWhJ1LCAKtSWO_XNuM064.m4a,2013-03-27
['乱世枭雄055'],http://audio.xmcdn.com/group14/M03/02/03/wKgDY1a-nLewLu8OAKsHiXuWFwI321.m4a,2013-03-28
['乱世枭雄056'],http://audio.xmcdn.com/group14/M03/01/DC/wKgDZFa-nMLRiGhQAKt7g3Q82sY268.m4a,2013-03-28
['乱世枭雄057'],http://audio.xmcdn.com/group11/M05/0C/3B/wKgDbVa-nNjxXqe5AKrVwVhXdZQ212.m4a,2013-03-28
['乱世枭雄058'],http://audio.xmcdn.com/group12/M05/00/77/wKgDXFa-nN-CN35KAKr17P64WuA431.m4a,2013-03-28
['乱世枭雄059'],http://audio.xmcdn.com/group12/M05/00/77/wKgDW1a-nOeBK5b3AKqbAHvqcTQ093.m4a,2013-03-28
['乱世枭雄060'],http://audio.xmcdn.com/group12/M05/00/78/wKgDXFa-nO7RdMtKAKrusXPOLGE808.m4a,2013-03-28
['乱世枭雄061'],http://audio.xmcdn.com/group13/M0B/01/1B/wKgDXla-nQSwBBaTAKpyAg9GN1Q170.m4a,2013-03-28
['乱世枭雄062'],http://audio.xmcdn.com/group13/M0A/01/20/wKgDXVa-nQrhFUsjAKobUjDapt8326.m4a,2013-03-28
['乱世枭雄063'],http://audio.xmcdn.com/group13/M0A/01/20/wKgDXVa-nQ-AykdVAKpLrl5eHS0997.m4a,2013-03-28
['乱世枭雄064'],http://audio.xmcdn.com/group13/M0A/01/20/wKgDXVa-nRaS4ui5AKr3fsqIFME522.m4a,2013-03-28
['乱世枭雄065'],http://audio.xmcdn.com/group7/M09/01/A7/wKgDX1a-nS_yMrFmAKq596epOx8479.m4a,2013-03-28
['乱世枭雄066'],http://audio.xmcdn.com/group7/M09/01/BE/wKgDWla-nS_BJNa2AKsas4myYac239.m4a,2013-03-28
['乱世枭雄067'],http://audio.xmcdn.com/group7/M09/01/BF/wKgDWla-nTqiGSR6AKpOqT2DPPc809.m4a,2013-03-28
['乱世枭雄068'],http://audio.xmcdn.com/group7/M09/01/BF/wKgDWla-nT-jQjiRAKrLZJ2ZIcQ801.m4a,2013-03-28
['乱世枭雄069'],http://audio.xmcdn.com/group11/M05/F3/1D/wKgDa1a-nUSitfrpAKn7GYReWnU026.m4a,2013-03-28
['乱世枭雄070'],http://audio.xmcdn.com/group10/M01/FC/E9/wKgDZ1a_6trCy3lBAKnQj12vFV0340.m4a,2013-03-28
['乱世枭雄071'],http://audio.xmcdn.com/group10/M01/FC/EA/wKgDZ1a_6t6RLroJAKp9pixJM90806.m4a,2013-03-28
['乱世枭雄072'],http://audio.xmcdn.com/group13/M08/01/DF/wKgDXla_6uCi3h-_AKq4X1SZ7-c247.m4a,2013-03-28
['乱世枭雄073'],http://audio.xmcdn.com/group13/M08/01/DB/wKgDXVa_6t_wSQpEAKsdimvECxY465.m4a,2013-03-28
['乱世枭雄074'],http://audio.xmcdn.com/group16/M07/01/46/wKgDala_6waQvRhMAKp2XKg_UIA251.m4a,2013-03-28
['乱世枭雄075'],http://audio.xmcdn.com/group16/M07/01/46/wKgDala_6xGi3z08AKq7TtxKzbs704.m4a,2013-03-28
['乱世枭雄076'],http://audio.xmcdn.com/group16/M07/01/46/wKgDala_6wnRcThkAKqrH8sskic562.m4a,2013-03-28
['乱世枭雄077'],http://audio.xmcdn.com/group16/M07/01/46/wKgDala_6w6TQY87AKswjwIg-qw556.m4a,2013-03-28
['乱世枭雄078'],http://audio.xmcdn.com/group8/M09/01/4F/wKgDYFa_6zex2-76AKqw5ZqCeug399.m4a,2013-03-28
['乱世枭雄079'],http://audio.xmcdn.com/group8/M09/01/4F/wKgDYFa_6zWCwlmvAKqFN4pzAWc787.m4a,2013-03-28
['乱世枭雄080'],http://audio.xmcdn.com/group8/M09/01/51/wKgDYVa_6z_gScc7AKrou_UK58s075.m4a,2013-03-28
['乱世枭雄081'],http://audio.xmcdn.com/group8/M09/01/51/wKgDYVa_60WA_IJwAKs8VyvXkbw978.m4a,2013-03-28
['乱世枭雄082'],http://audio.xmcdn.com/group11/M09/F3/D5/wKgDa1a_62CiVnsOAKq5yka1rVs448.m4a,2013-03-28
['乱世枭雄083'],http://audio.xmcdn.com/group11/M09/0C/F3/wKgDbVa_61_h6oCLAKoVdJYYsJs704.m4a,2013-03-28
['乱世枭雄084'],http://audio.xmcdn.com/group11/M09/0C/F3/wKgDbVa_62awiBF8AKrBICPxUUY941.m4a,2013-03-28
['乱世枭雄085'],http://audio.xmcdn.com/group11/M09/F3/D6/wKgDa1a_62uwW6_RAK3NgGqS1HI547.m4a,2013-03-28
['乱世枭雄086'],http://audio.xmcdn.com/group14/M06/02/CA/wKgDY1a_64rSgTJdAKqNyXbCSXQ712.m4a,2013-03-28
['乱世枭雄087'],http://audio.xmcdn.com/group14/M06/02/C9/wKgDY1a_64jyiC4NAKpx0rYDNy8485.m4a,2013-03-28
['乱世枭雄088'],http://audio.xmcdn.com/group14/M06/02/A3/wKgDZFa_65DCg_k3AKpqlOgZkUM453.m4a,2013-03-28
['乱世枭雄089'],http://audio.xmcdn.com/group15/M01/00/71/wKgDaFa_67HRs1_7AKpx0niQ9fU689.m4a,2013-03-28
['乱世枭雄090'],http://audio.xmcdn.com/group15/M01/00/71/wKgDaFa_67KyS35hAKp_Lk3QkUA823.m4a,2013-03-28
['乱世枭雄091'],http://audio.xmcdn.com/group15/M01/00/53/wKgDZVa_67Tw8UtxAKpQFXbx1ME806.m4a,2013-03-28
['乱世枭雄092'],http://audio.xmcdn.com/group10/M08/00/22/wKgDaVa_69WhfOVIAKp2OAajSak099.m4a,2013-03-28
['乱世枭雄093'],http://audio.xmcdn.com/group10/M0B/FC/EA/wKgDZ1a_69uhyGSpAKpktu36l8k025.m4a,2013-03-28
['乱世枭雄094'],http://audio.xmcdn.com/group10/M08/00/22/wKgDaVa_69nwcGMyAKpx0j95F6g079.m4a,2013-03-28
['乱世枭雄095'],http://audio.xmcdn.com/group10/M0B/FC/EA/wKgDZ1a_6-OR3XSzAKpmFpt4y6g586.m4a,2013-03-28
['乱世枭雄096'],http://audio.xmcdn.com/group10/M08/00/23/wKgDaVa_6_zCerLxAKqK2rZRSGE205.m4a,2013-03-28
['乱世枭雄097'],http://audio.xmcdn.com/group10/M0B/FC/EB/wKgDZ1a_7AKAuzQ3AKqFIF6ikzk240.m4a,2013-03-28
['乱世枭雄098'],http://audio.xmcdn.com/group9/M0B/01/AD/wKgDZla_7AuS2VGkAKqGjsiYQ_U976.m4a,2013-03-28
['乱世枭雄099'],http://audio.xmcdn.com/group10/M0B/FC/EC/wKgDZ1a_7AfhVqHrAKqE5K1eSu0754.m4a,2013-03-28
['乱世枭雄100'],http://audio.xmcdn.com/group9/M0B/01/61/wKgDYla_7CKzBKNZAKpyAiijpJQ018.m4a,2013-03-28
['乱世枭雄101'],http://audio.xmcdn.com/group9/M0B/01/AE/wKgDZla_7CjAWzxbAKpzYdnIKrM522.m4a,2013-03-28
['乱世枭雄102'],http://audio.xmcdn.com/group9/M0B/01/61/wKgDYla_7C2jFDUnAKqGj38WFlo846.m4a,2013-03-28
['乱世枭雄103'],http://audio.xmcdn.com/group13/M07/01/E0/wKgDXla_7EOAYHcoAKpwckjvmuA758.m4a,2013-03-28
['乱世枭雄104'],http://audio.xmcdn.com/group12/M02/01/36/wKgDXFa_7E2RTXrCAKpx0k5H4xk906.m4a,2013-03-28
['乱世枭雄105'],http://audio.xmcdn.com/group14/M08/02/A3/wKgDZFa_7FHjtETSAKpqfN_HwZc902.m4a,2013-03-28
['乱世枭雄106'],http://audio.xmcdn.com/group14/M08/02/CB/wKgDY1a_7GXyrGeaAKp9svvuZds107.m4a,2013-03-28
['乱世枭雄107'],http://audio.xmcdn.com/group13/M0B/01/E0/wKgDXla_7G_zIn6PAKpx6i02CQg906.m4a,2013-03-28
['乱世枭雄108'],http://audio.xmcdn.com/group13/M0B/01/E0/wKgDXla_7HXgNW09AKp_KeopJcc793.m4a,2013-03-28
['乱世枭雄109'],http://audio.xmcdn.com/group7/M06/02/68/wKgDX1a_7IWxDYngAKp_BZrqP5M593.m4a,2013-03-28
['乱世枭雄110'],http://audio.xmcdn.com/group14/M05/02/CC/wKgDY1a_7X-B2f6-AKpqxCYlifE700.m4a,2013-03-28
['乱世枭雄111'],http://audio.xmcdn.com/group7/M06/02/82/wKgDWla_7JKibHEvAKpfAwOooEw783.m4a,2013-03-28
['乱世枭雄112'],http://audio.xmcdn.com/group10/M0A/FB/7F/wKgDZ1a9R8uxZ6GXAKpktgrNxkY203.m4a,2013-03-28
['乱世枭雄113'],http://audio.xmcdn.com/group10/M0A/FB/7F/wKgDZ1a9R9KRd4v9AKqA3rYxFVU691.m4a,2013-03-28
['乱世枭雄114'],http://audio.xmcdn.com/group10/M00/FE/B1/wKgDaVa9R9yhERMsAKqMUQzI5MU894.m4a,2013-03-28
['乱世枭雄115'],http://audio.xmcdn.com/group10/M0A/FB/7F/wKgDZ1a9R9nD2uI1AKqKwgxI-6c192.m4a,2013-03-28
['乱世枭雄116'],http://audio.xmcdn.com/group11/M04/F2/63/wKgDa1a9R_XilA86AKp_HfcWeVE767.m4a,2013-03-28
['乱世枭雄117'],http://audio.xmcdn.com/group11/M04/F2/63/wKgDa1a9R_6j9lJHAKp_BWfP-_g266.m4a,2013-03-28
['乱世枭雄118'],http://audio.xmcdn.com/group11/M04/F2/63/wKgDa1a9SATjZmurAKqa_GIzhGA186.m4a,2013-03-28
['乱世枭雄119'],http://audio.xmcdn.com/group11/M04/0B/84/wKgDbVa9SAiQzwvXAKp_TacdU-w569.m4a,2013-03-28
['乱世枭雄120'],http://audio.xmcdn.com/group14/M01/01/4E/wKgDY1a9SBmzdb9NAKpx0v4vNOI759.m4a,2013-03-28
['乱世枭雄121'],http://audio.xmcdn.com/group9/M00/00/3F/wKgDZla9SCDgv8FyAKpk2pShq9M346.m4a,2013-03-28
['乱世枭雄122'],http://audio.xmcdn.com/group9/M00/00/3F/wKgDZla9SC6QetvSAKpzSUdEdcQ741.m4a,2013-03-28
['乱世枭雄123'],http://audio.xmcdn.com/group9/M00/FF/FE/wKgDYla9SDGwyljZAKp2OGxgF_M684.m4a,2013-03-28
['乱世枭雄124'],http://audio.xmcdn.com/group9/M00/FF/FE/wKgDYla9SD_jXhcyAKpktnO2Gwc088.m4a,2013-03-28
['乱世枭雄125'],http://audio.xmcdn.com/group15/M00/FE/F6/wKgDaFa9SFSR91wGAKpvK4WiV9k535.m4a,2013-03-28
['乱世枭雄126'],http://audio.xmcdn.com/group15/M00/FE/F6/wKgDaFa9SFWigJ1jAKpx6nwRnTs012.m4a,2013-03-28
['乱世枭雄127'],http://audio.xmcdn.com/group12/M03/FF/C5/wKgDW1a9SGWS-ZHfAKpu-0bfnfc247.m4a,2013-03-28
['乱世枭雄128'],http://audio.xmcdn.com/group8/M08/FF/E6/wKgDYVa9SGvRWo6RAKqJYtGpRR4809.m4a,2013-03-28
['乱世枭雄129'],http://audio.xmcdn.com/group12/M03/FF/C4/wKgDXFa9SIaB0UN1AKp2OFs9Va0085.m4a,2013-03-28
['乱世枭雄130'],http://audio.xmcdn.com/group8/M08/FF/DC/wKgDYFa9SIaAwlqsAKpx6qcwuAU652.m4a,2013-03-28
['乱世枭雄131'],http://audio.xmcdn.com/group12/M03/FF/C4/wKgDXFa9SIzSCuz2AKppKUT0BtE558.m4a,2013-03-28
['乱世枭雄132'],http://audio.xmcdn.com/group15/M09/FE/FC/wKgDaFa9S8iy_iXjAKp_BceizSk076.m4a,2013-03-28
['乱世枭雄133'],http://audio.xmcdn.com/group16/M03/FF/C4/wKgDala9SKqCHCsHAKpyGiatxwA990.m4a,2013-03-28
['乱世枭雄134'],http://audio.xmcdn.com/group16/M03/FF/A9/wKgDbFa9SKmCHa3_AKqKwh6O65c701.m4a,2013-03-28
['乱世枭雄135'],http://audio.xmcdn.com/group15/M08/FE/DA/wKgDZVa9SLaTYdl6AKqZhRbA1K0304.m4a,2013-03-28
['乱世枭雄136'],http://audio.xmcdn.com/group15/M08/FE/DA/wKgDZVa9SMGDud2ZAKpcDYlLy2k636.m4a,2013-03-28
['乱世枭雄137'],http://audio.xmcdn.com/group15/M08/FE/DB/wKgDZVa9SNHDlW4fAKpx6mKWdFg971.m4a,2013-03-28
['乱世枭雄138'],http://audio.xmcdn.com/group15/M08/FE/DB/wKgDZVa9SM6hVrz-AKpmFiQa76c504.m4a,2013-03-28
['乱世枭雄139'],http://audio.xmcdn.com/group14/M07/01/28/wKgDZFa9SNXSMsQsAKprI1Ocitg800.m4a,2013-03-28
['乱世枭雄140'],http://audio.xmcdn.com/group14/M07/01/29/wKgDZFa9SOXhI_yaAKpwcp_u540110.m4a,2013-03-28
['乱世枭雄141'],http://audio.xmcdn.com/group14/M07/01/50/wKgDY1a9SOmS9ciFAKpdYU1uTsw413.m4a,2013-03-28
['乱世枭雄142'],http://audio.xmcdn.com/group7/M08/00/EE/wKgDX1a9SO-R3uy6AKo0TvIMwdk179.m4a,2013-03-28
['乱世枭雄143'],http://audio.xmcdn.com/group12/M05/FF/C5/wKgDXFa9SP7BPgHcAKpzSa9GB1Q794.m4a,2013-03-28
['乱世枭雄144'],http://audio.xmcdn.com/group13/M04/00/67/wKgDXla9SQWirEaLAKpXgtxtysY242.m4a,2013-03-28
['乱世枭雄145'],http://audio.xmcdn.com/group8/M06/FF/DE/wKgDYFa9SR6ROvNYAKpqfKk8ZCk428.m4a,2013-03-28
['乱世枭雄146'],http://audio.xmcdn.com/group8/M06/FF/E7/wKgDYVa9SSOS6FJCAKpqiPAlACQ743.m4a,2013-03-28
['乱世枭雄147'],http://audio.xmcdn.com/group8/M06/FF/E8/wKgDYVa9SSvwa4YtAKqSI7BQ6G0341.m4a,2013-03-28
['乱世枭雄148'],http://audio.xmcdn.com/group13/M09/00/6F/wKgDXVa9STvw0inRAKp9vlBMu4g764.m4a,2013-03-28
['乱世枭雄149'],http://audio.xmcdn.com/group13/M09/00/6F/wKgDXVa9STzzHubJAKo9A-VhXCo423.m4a,2013-03-28
['乱世枭雄150'],http://audio.xmcdn.com/group11/M0B/F2/64/wKgDa1a9SVSztjomAKo-e5cJKpI973.m4a,2013-03-28
['乱世枭雄151'],http://audio.xmcdn.com/group11/M0B/0B/84/wKgDbVa9SVbxshOCAKpzSVv23SI960.m4a,2013-03-28
['乱世枭雄152'],http://audio.xmcdn.com/group11/M0B/0B/84/wKgDbVa9SV-zeQcNAKqDeFKFeE0868.m4a,2013-03-28
['乱世枭雄153'],http://audio.xmcdn.com/group13/M09/00/6F/wKgDXVa9SXXQSFE-AKqMUY9BEHM766.m4a,2013-03-28
['乱世枭雄154'],http://audio.xmcdn.com/group13/M0B/00/67/wKgDXla9SXjjy4qjAKpwcg6qprc972.m4a,2013-03-28
['乱世枭雄155'],http://audio.xmcdn.com/group13/M09/00/70/wKgDXVa9SX-ze6DcAKp_ETLhG2Q293.m4a,2013-03-28
['乱世枭雄156'],http://audio.xmcdn.com/group7/M07/00/EE/wKgDX1a9SZDRM1uAAKp3yHgESy4207.m4a,2013-03-28
['乱世枭雄157'],http://audio.xmcdn.com/group7/M07/00/EF/wKgDX1a9SZXQA2mgAKp3vBICOd4397.m4a,2013-03-28
['乱世枭雄158'],http://audio.xmcdn.com/group7/M07/01/0C/wKgDWla9SZOzErXlAKqJSl7iSyI925.m4a,2013-03-28
['乱世枭雄159'],http://audio.xmcdn.com/group9/M09/FF/FF/wKgDYla9SavRJJPzAKpmFmvklNk201.m4a,2013-03-28
['乱世枭雄160'],http://audio.xmcdn.com/group12/M02/FF/C6/wKgDW1a9Sa2Q8zCuAKqJbujmhSo638.m4a,2013-03-28
['乱世枭雄161'],http://audio.xmcdn.com/group12/M06/FF/C7/wKgDW1a9Sb_Tr8IdAKpWI6pODNI570.m4a,2013-04-09
['乱世枭雄162'],http://audio.xmcdn.com/group9/M0B/00/41/wKgDZla9ScfBbDcbAKpzbYhif8k276.m4a,2013-03-28
['乱世枭雄163'],http://audio.xmcdn.com/group9/M0B/00/41/wKgDZla9ScexeTZYAKph95aV040762.m4a,2013-03-28
['乱世枭雄164'],http://audio.xmcdn.com/group9/M0B/00/42/wKgDZla9SeWgM9YYAKpk5pH9PFQ555.m4a,2013-03-28
['乱世枭雄165'],http://audio.xmcdn.com/group9/M0B/00/42/wKgDZla9SenSJL7nAKppNd3CTJ0685.m4a,2013-03-28
['乱世枭雄166'],http://audio.xmcdn.com/group15/M0B/FE/DB/wKgDZVa9Se_g08qNAKqWrv9dAug127.m4a,2013-03-28
['乱世枭雄167'],http://audio.xmcdn.com/group14/M09/01/29/wKgDZFa9SgPBwLA_AKpsPGK2yFU349.m4a,2013-03-28
['乱世枭雄168'],http://audio.xmcdn.com/group14/M09/01/50/wKgDY1a9ShTh6Nh0AKp5e83-ym0107.m4a,2013-03-28
['乱世枭雄169'],http://audio.xmcdn.com/group14/M09/01/50/wKgDY1a9Sh6wFfbaAKpx0jZFuYo967.m4a,2013-03-28
['乱世枭雄170'],http://audio.xmcdn.com/group13/M04/00/68/wKgDXla9SiDT01KqAKpmIkO-S1c384.m4a,2013-03-28
['乱世枭雄171'],http://audio.xmcdn.com/group13/M04/00/68/wKgDXla9SjGjLpqFAKp8Lp5jLvM757.m4a,2013-03-28
['乱世枭雄172'],http://audio.xmcdn.com/group16/M06/FF/AA/wKgDbFa9SkCRT3TpAKp_BdG2NKo312.m4a,2013-03-28
['乱世枭雄173'],http://audio.xmcdn.com/group16/M06/FF/AB/wKgDbFa9SkGjDN0hAKpvNy5pWuw340.m4a,2013-03-28
['乱世枭雄174'],http://audio.xmcdn.com/group12/M01/FF/C6/wKgDXFa9SkqA-QLbAKoMswDGbIE798.m4a,2013-03-28
['乱世枭雄175'],http://audio.xmcdn.com/group12/M01/FF/C6/wKgDXFa9SlXyMhAQAKp3sDBU7MM240.m4a,2013-03-28
['乱世枭雄176'],http://audio.xmcdn.com/group12/M01/FF/C7/wKgDXFa9SmzzikZMAKpdhbpGu_M736.m4a,2013-03-28
['乱世枭雄177'],http://audio.xmcdn.com/group10/M03/FE/B1/wKgDaVa9Sm2gsyVmAKpOzZBUtW4991.m4a,2013-03-28
['乱世枭雄178'],http://audio.xmcdn.com/group10/M03/FB/7F/wKgDZ1a9SnKR8HmXAKpsDDC3m84696.m4a,2013-03-28
['乱世枭雄179'],http://audio.xmcdn.com/group11/M09/F2/65/wKgDa1a9SnjyV1zHAKpdSWY_x-A900.m4a,2013-03-28
['乱世枭雄180'],http://audio.xmcdn.com/group11/M09/F2/66/wKgDa1a9SpTiD8XmAKpRsE9UaZQ948.m4a,2013-03-28
['乱世枭雄181'],http://audio.xmcdn.com/group11/M09/0B/86/wKgDbVa9SpGAcF8RAKpWIzrbOVs675.m4a,2013-03-28
['乱世枭雄182'],http://audio.xmcdn.com/group11/M09/0B/86/wKgDbVa9SpfjZUlCAKpZYTHihco434.m4a,2013-03-28
['乱世枭雄183'],http://audio.xmcdn.com/group10/M07/FE/B2/wKgDaVa9SqHzJX2gAKpXgrzWbLE722.m4a,2013-03-28
['乱世枭雄184'],http://audio.xmcdn.com/group16/M07/FF/AB/wKgDbFa9SrvjAIlTAKplO2rvakI414.m4a,2013-03-28
['乱世枭雄185'],http://audio.xmcdn.com/group16/M07/FF/AB/wKgDbFa9SrbQ97iTAKqE8IPElA4243.m4a,2013-03-29
['乱世枭雄186'],http://audio.xmcdn.com/group7/M00/00/F0/wKgDX1a9Sr-gPKy4AKp8FqRZAL4010.m4a,2013-03-29
['乱世枭雄187'],http://audio.xmcdn.com/group7/M00/00/F0/wKgDX1a9SsuBYqwZAKp0KJFX0jE816.m4a,2013-03-29
['乱世枭雄188'],http://audio.xmcdn.com/group7/M00/01/0E/wKgDWla9StTxIsjuAKqj4ZuHCMM160.m4a,2013-03-29
['乱世枭雄189'],http://audio.xmcdn.com/group15/M05/FE/FA/wKgDaFa9SuKwyLE5AKqAlfqlsVY932.m4a,2013-03-29
['乱世枭雄190'],http://audio.xmcdn.com/group15/M05/FE/DC/wKgDZVa9SuGi5FtTAKpmFvBDQOo425.m4a,2013-03-29
['乱世枭雄191'],http://audio.xmcdn.com/group14/M0B/01/51/wKgDY1a9SvLxQdmaAKpdbUhu_Fs685.m4a,2013-03-29
['乱世枭雄192'],http://audio.xmcdn.com/group14/M0B/01/2A/wKgDZFa9Svuh8WEZAKpzYQFtpkI500.m4a,2013-03-29
['乱世枭雄193'],http://audio.xmcdn.com/group14/M0B/01/51/wKgDY1a9SwCQrCOIAKpZHljcCvA636.m4a,2013-03-29
['乱世枭雄194'],http://audio.xmcdn.com/group8/M05/FF/E9/wKgDYVa9Sw7hrqWVAKpR4DkEZJA817.m4a,2013-03-29
['乱世枭雄195'],http://audio.xmcdn.com/group8/M05/FF/E9/wKgDYVa9Sxjzzm9xAKpkzl75Rqg885.m4a,2013-03-29
['乱世枭雄196'],http://audio.xmcdn.com/group16/M0B/FF/C7/wKgDala9SyzSNTZ7AKpRvIMpFDg554.m4a,2013-03-29
['乱世枭雄197'],http://audio.xmcdn.com/group16/M0B/FF/C6/wKgDala9SyXhPy50AKpfBC5brMQ668.m4a,2013-03-29
['乱世枭雄198'],http://audio.xmcdn.com/group10/M05/FB/80/wKgDZ1a9SzfRYgh1AKpx9hJvoGQ627.m4a,2013-03-29
['乱世枭雄199'],http://audio.xmcdn.com/group10/M05/FE/B3/wKgDaVa9S0ej2BqfAKpx6kx0UBU887.m4a,2013-03-29
['乱世枭雄200'],http://audio.xmcdn.com/group10/M05/FE/B3/wKgDaVa9S1XAr52TAKppQcfybQA591.m4a,2013-03-29
['乱世枭雄201'],http://audio.xmcdn.com/group10/M05/FB/82/wKgDZ1a9S2CRvehtAKp5J2HLdwk328.m4a,2013-03-29
['乱世枭雄202'],http://audio.xmcdn.com/group13/M02/00/68/wKgDXla9S2Ty2zklAKpb6aWajT0516.m4a,2013-03-29
['乱世枭雄203'],http://audio.xmcdn.com/group13/M02/00/69/wKgDXla9S26i3QEsAKp_HfhL2W0252.m4a,2013-03-29
['乱世枭雄204'],http://audio.xmcdn.com/group9/M0A/00/00/wKgDYla9S3yQlE__AKpe5Ji0fVE665.m4a,2013-03-29
['乱世枭雄205'],http://audio.xmcdn.com/group13/M07/00/69/wKgDXla9S5aTkxyDAKp34KXiZK0297.m4a,2013-03-29
['乱世枭雄206'],http://audio.xmcdn.com/group9/M0A/00/00/wKgDYla9S4SB2pnvAKpZEkYE0hI788.m4a,2013-03-29
['乱世枭雄207'],http://audio.xmcdn.com/group13/M07/00/69/wKgDXla9S5aC_PjFAKppNUYk8DM170.m4a,2013-03-29
['乱世枭雄208'],http://audio.xmcdn.com/group15/M09/FE/DD/wKgDZVa9S6WTk3dgAKp2UD752o8880.m4a,2013-03-29
['乱世枭雄209'],http://audio.xmcdn.com/group15/M09/FE/FB/wKgDaFa9S6fz2RaMAKp9vm185nY441.m4a,2013-03-29
['乱世枭雄210'],http://audio.xmcdn.com/group15/M09/FE/FB/wKgDaFa9S7iAu_xWAKp_HWxp4SQ189.m4a,2013-03-29
['乱世枭雄211'],http://audio.xmcdn.com/group15/M09/FE/FB/wKgDaFa9S8aD-FSDAKpsMJIlu7o629.m4a,2013-03-29
['乱世枭雄212'],http://audio.xmcdn.com/group8/M08/00/86/wKgDYFa-mUqSKBAiAKp_BWllcIM982.m4a,2013-03-29
['乱世枭雄213'],http://audio.xmcdn.com/group8/M08/00/8C/wKgDYVa-mU6hOKL8AKpb6a2NBpk615.m4a,2013-03-29
['乱世枭雄214'],http://audio.xmcdn.com/group16/M06/00/5A/wKgDbFa-mVyTyAlvAKpu-7q869Q176.m4a,2013-03-29
['乱世枭雄215'],http://audio.xmcdn.com/group16/M06/00/5A/wKgDbFa-mWKxST7ZAKp5SyQtcfw597.m4a,2013-03-29
['乱世枭雄216'],http://audio.xmcdn.com/group9/M04/00/ED/wKgDZla-mXWitPk6AKpRpC-0z5E725.m4a,2013-03-29
['乱世枭雄217'],http://audio.xmcdn.com/group9/M04/00/A2/wKgDYla-mXqyx-IiAKpdYWYyGkY290.m4a,2013-03-29
['乱世枭雄218'],http://audio.xmcdn.com/group9/M04/00/ED/wKgDZla-mX3x23hBAKpmFv5dpGM983.m4a,2013-03-29
['乱世枭雄219'],http://audio.xmcdn.com/group9/M04/00/A3/wKgDYla-mYqCoQEKAKoJrLWWy00054.m4a,2013-03-29
['乱世枭雄220'],http://audio.xmcdn.com/group14/M07/01/D9/wKgDZFa-mZXxqUINAKp3yBaXp1I547.m4a,2013-03-29
['乱世枭雄221'],http://audio.xmcdn.com/group13/M06/01/18/wKgDXla-maXho36NAKpDES2tNAw461.m4a,2013-03-29
['乱世枭雄222'],http://audio.xmcdn.com/group10/M01/FC/2F/wKgDZ1a-mbbxL_RKAKpmLmegvdY037.m4a,2013-03-29
['乱世枭雄223'],http://audio.xmcdn.com/group10/M01/FF/62/wKgDaVa-mbCQavcKAKpQFYm_0X8823.m4a,2013-03-29
['乱世枭雄224'],http://audio.xmcdn.com/group10/M01/FF/63/wKgDaVa-mcKDiZr1AKpe2DpHZos416.m4a,2013-03-29
['乱世枭雄225'],http://audio.xmcdn.com/group10/M01/FF/64/wKgDaVa-mdDw7gkuAKp5Y40Uims118.m4a,2013-03-29
['乱世枭雄226'],http://audio.xmcdn.com/group11/M04/0C/38/wKgDbVa-mdqwXPIXAKpRjCR1Dbc850.m4a,2013-03-29
['乱世枭雄227'],http://audio.xmcdn.com/group11/M04/F3/1A/wKgDa1a-mduDfXUcAKpRpI_Mt7g089.m4a,2013-03-29
['乱世枭雄228'],http://audio.xmcdn.com/group11/M04/F3/1B/wKgDa1a-me_y9FUvAKpktt5_ptU005.m4a,2013-03-29
['乱世枭雄229'],http://audio.xmcdn.com/group11/M04/F3/1B/wKgDa1a-mfrDD1qrAKpR1NFoOkM308.m4a,2013-03-29
['乱世枭雄230'],http://audio.xmcdn.com/group11/M04/F3/1B/wKgDa1a-mgPwe4ZoAKpUk8aEIhw183.m4a,2013-03-29
['乱世枭雄231'],http://audio.xmcdn.com/group11/M04/0C/39/wKgDbVa-mgKj6DsZAKpqrEZBT6o552.m4a,2013-03-29
['乱世枭雄232'],http://audio.xmcdn.com/group11/M04/0C/39/wKgDbVa-mf-gQAyXAKppQW4nMHE571.m4a,2013-03-29
['乱世枭雄233'],http://audio.xmcdn.com/group7/M0A/01/BC/wKgDWla-mgvzhfHhAKpe2K3aQ3U133.m4a,2013-03-29
['乱世枭雄234'],http://audio.xmcdn.com/group15/M07/FF/89/wKgDZVa-mhPyslrcAKpYblfm2Hc940.m4a,2013-03-29
['乱世枭雄235'],http://audio.xmcdn.com/group15/M07/FF/89/wKgDZVa-mhTxoWz2AKpXmgOnxB4842.m4a,2013-03-29
['乱世枭雄236'],http://audio.xmcdn.com/group13/M03/01/19/wKgDXla-mijB771wAKpKc1Nsfcc641.m4a,2013-03-29
['乱世枭雄237'],http://audio.xmcdn.com/group13/M03/01/19/wKgDXla-miWxjAtPAKphxz_Edus835.m4a,2013-03-29
['乱世枭雄238'],http://audio.xmcdn.com/group7/M0A/01/BC/wKgDWla-mi2A8vmIAKpZBssgvQU052.m4a,2013-03-29
['乱世枭雄239'],http://audio.xmcdn.com/group7/M0A/01/A5/wKgDX1a-mirASn34AKpXpjDoH48441.m4a,2013-03-29
['乱世枭雄240'],http://audio.xmcdn.com/group7/M0A/01/BC/wKgDWla-mivg7-YgAKpL3knGkrE220.m4a,2013-03-29
['乱世枭雄241'],http://audio.xmcdn.com/group7/M0A/01/A5/wKgDX1a-mjeyiolbAKph05fzZ6Y137.m4a,2013-03-29
['乱世枭雄242'],http://audio.xmcdn.com/group13/M08/01/19/wKgDXla-mjvTXuLIAKpXjrTRqm8348.m4a,2013-03-29
['乱世枭雄243'],http://audio.xmcdn.com/group7/M0A/01/BC/wKgDWla-mjqywK9mAKpQRSt0Qnk050.m4a,2013-03-29
['乱世枭雄244'],http://audio.xmcdn.com/group13/M08/01/1A/wKgDXla-mkyAQ6F5AKphryMv6MA322.m4a,2013-03-29
['乱世枭雄245'],http://audio.xmcdn.com/group8/M02/00/8C/wKgDYVa-mlKj9OUGAKpjbyu4cLU809.m4a,2013-03-29
['乱世枭雄247'],http://audio.xmcdn.com/group8/M02/00/87/wKgDYFa-mlfhDuBHAKpWCzggI10603.m4a,2013-03-29
['乱世枭雄246'],http://audio.xmcdn.com/group8/M02/00/86/wKgDYFa-mk_BA_f1AKpktq4XCV4586.m4a,2013-04-07
['乱世枭雄248'],http://audio.xmcdn.com/group8/M02/00/87/wKgDYFa-mlvByyF3AKpkzPKu_VE325.m4a,2013-03-29
['乱世枭雄249'],http://audio.xmcdn.com/group8/M02/00/8D/wKgDYVa-mmrDukbOAKpx0keWTCo183.m4a,2013-03-29
['乱世枭雄250'],http://audio.xmcdn.com/group8/M02/00/8D/wKgDYVa-mmHw3Pc7AKpe8PVmNGc725.m4a,2013-03-29
['乱世枭雄251'],http://audio.xmcdn.com/group8/M02/00/8D/wKgDYVa-mmSwvrlZAKpqxPQSGjk808.m4a,2013-03-29
['乱世枭雄252'],http://audio.xmcdn.com/group8/M02/00/88/wKgDYFa-mnbyVYLBAKpu7wwRlS0933.m4a,2013-03-29
['乱世枭雄253'],http://audio.xmcdn.com/group8/M02/00/88/wKgDYFa-mn7SsvgVAKpdSeDG2-A877.m4a,2013-03-29
['乱世枭雄254'],http://audio.xmcdn.com/group8/M02/00/8D/wKgDYVa-mnbi__YTAKpRsGm6ZkI093.m4a,2013-03-29
['乱世枭雄255'],http://audio.xmcdn.com/group8/M02/00/8E/wKgDYVa-moHQxdWdAKpquIy4Jm0854.m4a,2013-03-29
['乱世枭雄256'],http://audio.xmcdn.com/group14/M01/01/DA/wKgDZFa-mojzUYg1AKpY-m3AAyU124.m4a,2013-03-29
['乱世枭雄257'],http://audio.xmcdn.com/group14/M01/02/01/wKgDY1a-moyBQPDvAKpXgm3UVEo666.m4a,2013-03-29
['乱世枭雄258'],http://audio.xmcdn.com/group12/M04/00/75/wKgDW1a-mqDz83ldAKpXaiGFqig666.m4a,2013-03-29
['乱世枭雄259'],http://audio.xmcdn.com/group12/M04/00/76/wKgDXFa-mqWRfa6kAKpmFv5PNZg541.m4a,2013-03-29
['乱世枭雄260'],http://audio.xmcdn.com/group12/M04/00/76/wKgDXFa-mrXBkWlfAKoOHlWbHO4165.m4a,2013-03-29
['乱世枭雄261'],http://audio.xmcdn.com/group12/M04/00/76/wKgDXFa-mraz8EBfAKpkzpicW_A852.m4a,2013-03-29
['乱世枭雄262'],http://audio.xmcdn.com/group16/M02/00/5B/wKgDbFa-ms7BFgabAKpjP3L1uPE205.m4a,2013-03-29
['乱世枭雄263'],http://audio.xmcdn.com/group16/M02/00/5B/wKgDbFa-mtCQblolAKpY4rZCmGg971.m4a,2013-03-29
['乱世枭雄264'],http://audio.xmcdn.com/group15/M01/FF/89/wKgDZVa-mteTnNWNAKpqoDWrv9k983.m4a,2013-03-29
['乱世枭雄265'],http://audio.xmcdn.com/group15/M01/FF/89/wKgDZVa-mtbBCtuBAKpML8d8R2s585.m4a,2013-03-29
['乱世枭雄266'],http://audio.xmcdn.com/group15/M01/FF/8A/wKgDZVa-mvOR8ZMfAKphx_akZcM244.m4a,2013-03-29
['乱世枭雄267'],http://audio.xmcdn.com/group15/M01/FF/AA/wKgDaFa-mvnhwBMyAKpQXJFpGWg703.m4a,2013-03-29
['乱世枭雄268'],http://audio.xmcdn.com/group15/M01/FF/AA/wKgDaFa-mv-gFwLUAKpde_8DE9M288.m4a,2013-03-29
['乱世枭雄269'],http://audio.xmcdn.com/group15/M01/FF/AA/wKgDaFa-mweS7EahAKpdYUItuCc556.m4a,2013-03-29
['乱世枭雄270'],http://audio.xmcdn.com/group9/M01/00/EE/wKgDZla-mx7A2W6PAKotEMNKVGg567.m4a,2013-03-29
['乱世枭雄271'],http://audio.xmcdn.com/group9/M01/00/A3/wKgDYla-myPRn5RvAKpmOo_KqdU705.m4a,2013-03-29
['乱世枭雄272'],http://audio.xmcdn.com/group9/M01/00/A4/wKgDYla-myvxGijVAKpRjBXYpj4045.m4a,2013-03-29
['乱世枭雄273'],http://audio.xmcdn.com/group9/M01/00/EF/wKgDZla-my6TJvbcAKph3-1-lJQ789.m4a,2013-03-29
['乱世枭雄274'],http://audio.xmcdn.com/group16/M04/00/5C/wKgDbFa-m0vhWmI2AKpdSesGQFM663.m4a,2013-03-29
['乱世枭雄275'],http://audio.xmcdn.com/group16/M04/00/5C/wKgDbFa-m0eRFqSoAKpdbT9kEJY936.m4a,2013-03-29
['乱世枭雄276'],http://audio.xmcdn.com/group14/M00/02/02/wKgDY1a-m1XhqngFAKpUnxyEr5k493.m4a,2013-03-29
['乱世枭雄277'],http://audio.xmcdn.com/group14/M00/02/02/wKgDY1a-m1yzqqPjAKooktiT-yk053.m4a,2013-03-29
['乱世枭雄278'],http://audio.xmcdn.com/group10/M09/FF/65/wKgDaVa-m2fh7B3SAKpb0V22MT4374.m4a,2013-03-29
['乱世枭雄279'],http://audio.xmcdn.com/group10/M09/FC/31/wKgDZ1a-m3iD0mf2AKoPxnMkVq8238.m4a,2013-03-29
['乱世枭雄280'],http://audio.xmcdn.com/group7/M02/01/A6/wKgDX1a-m3_S9JUkAKpRvHjY_XU389.m4a,2013-03-29
['乱世枭雄281'],http://audio.xmcdn.com/group7/M02/01/A6/wKgDX1a-m4jQn5C9AKpe2LVWYGw034.m4a,2013-03-29
['乱世枭雄282'],http://audio.xmcdn.com/group7/M02/01/A6/wKgDX1a-m4yT2hVSAKpe2DnFLEk548.m4a,2013-04-07
['乱世枭雄283'],http://audio.xmcdn.com/group7/M02/01/BE/wKgDWla-m6HyJ4pdAKpWF2YByzM447.m4a,2013-03-29
['乱世枭雄284'],http://audio.xmcdn.com/group11/M0A/0C/39/wKgDbVa-m6OjNYahAKpdYZSdPHU977.m4a,2013-03-29
['乱世枭雄285'],http://audio.xmcdn.com/group13/M00/01/1E/wKgDXVa-m7HQbrtRAKpXgjdRY7M741.m4a,2013-03-29
['乱世枭雄286'],http://audio.xmcdn.com/group11/M0A/F3/1C/wKgDa1a-m8LA-ZcKAKpwck6SXX0180.m4a,2013-03-29
['乱世枭雄287'],http://audio.xmcdn.com/group11/M0A/F3/1C/wKgDa1a-m83CLxq9AKpXdsGDoi4244.m4a,2013-03-29
['乱世枭雄288'],http://audio.xmcdn.com/group11/M0A/0C/3A/wKgDbVa-m9exe5I7AKpkwpfKn2k487.m4a,2013-03-29
['乱世枭雄289'],http://audio.xmcdn.com/group11/M0A/0C/3A/wKgDbVa-m9qhXVsKAKo6FH-YbjU001.m4a,2013-03-29
['乱世枭雄290'],http://audio.xmcdn.com/group16/M05/00/5C/wKgDbFa-m-azHvEnAKpkzotxWiQ445.m4a,2013-03-29
['乱世枭雄291'],http://audio.xmcdn.com/group16/M05/00/5C/wKgDbFa-m_XS1-taAKpmRhsjDF8637.m4a,2013-03-29
['乱世枭雄292'],http://audio.xmcdn.com/group14/M04/02/03/wKgDY1a-nAWCq0uRAKplJktGz88849.m4a,2013-03-29
['乱世枭雄293'],http://audio.xmcdn.com/group14/M04/01/DB/wKgDZFa-nAvTJvoWAKpewIHnodY631.m4a,2013-03-29
['乱世枭雄294'],http://audio.xmcdn.com/group14/M04/01/DC/wKgDZFa-nA2jKgElAKpUe2Z4gDY013.m4a,2013-03-29
['乱世枭雄295'],http://audio.xmcdn.com/group10/M02/FF/65/wKgDaVa-nBvBf3IFAKpqoJVALMk880.m4a,2013-03-29
['乱世枭雄296'],http://audio.xmcdn.com/group10/M02/FF/66/wKgDaVa-nCiTrOe2AKpXgidIRpg096.m4a,2013-03-29
['乱世枭雄297'],http://audio.xmcdn.com/group12/M08/00/77/wKgDXFa-nDOwqXv8AKobRsjGZs0421.m4a,2013-03-29
['乱世枭雄298'],http://audio.xmcdn.com/group13/M02/01/1A/wKgDXla-nD6x6iO9AKpUe15qkHg083.m4a,2013-03-29
['乱世枭雄299'],http://audio.xmcdn.com/group13/M02/01/1F/wKgDXVa-nEKDC7XuAKpXpqPpE80462.m4a,2013-03-29
['乱世枭雄300'],http://audio.xmcdn.com/group9/M05/00/EF/wKgDZla-nE_CunXRAKppBeubzuQ298.m4a,2013-03-29
['乱世枭雄301'],http://audio.xmcdn.com/group9/M05/00/A5/wKgDYla-nFzQ7Xo4AKpyMjznCRU471.m4a,2013-03-29
['乱世枭雄302'],http://audio.xmcdn.com/group13/M02/01/1F/wKgDXVa-nGegWNKZAKph34Khp10575.m4a,2013-03-29
['乱世枭雄303'],http://audio.xmcdn.com/group12/M09/00/77/wKgDXFa-nGrzVuqlAKpk8lGWD7s997.m4a,2013-03-29
['乱世枭雄304'],http://audio.xmcdn.com/group8/M09/00/88/wKgDYFa-nHiCBpiPAKpRyELZPJA750.m4a,2013-03-29
['乱世枭雄305'],http://audio.xmcdn.com/group8/M09/00/8E/wKgDYVa-nIjCe5tPAKph3zHP62Y358.m4a,2013-03-29
['乱世枭雄306'],http://audio.xmcdn.com/group8/M09/00/8E/wKgDYVa-nJCTM30mAKpx9smSPEY058.m4a,2013-03-29
['乱世枭雄307'],http://audio.xmcdn.com/group8/M09/00/8F/wKgDYVa-nJXCEZoaAKpjS3oOEuc535.m4a,2013-03-29
['乱世枭雄308'],http://audio.xmcdn.com/group16/M01/00/7B/wKgDala-nKOxyhCIAKpdeYS0wXY340.m4a,2013-03-29
['乱世枭雄309'],http://audio.xmcdn.com/group16/M01/00/7B/wKgDala-nLCC7_VsAKpyAjtvsfo271.m4a,2013-03-29
['乱世枭雄310'],http://audio.xmcdn.com/group14/M03/02/03/wKgDY1a-nLyDXlvFAKpdVQ9aP50934.m4a,2013-03-29
['乱世枭雄311'],http://audio.xmcdn.com/group14/M03/01/DC/wKgDZFa-nMCBw7ZuAKowI2OdtwM346.m4a,2013-03-29
['乱世枭雄312'],http://audio.xmcdn.com/group11/M02/F3/1D/wKgDa1a-nMuilB6sAKo3SQzZquU527.m4a,2013-03-29
['乱世枭雄313'],http://audio.xmcdn.com/group12/M05/00/77/wKgDXFa-nNujsG5XAKpXjplqnAA588.m4a,2013-03-29
['乱世枭雄314'],http://audio.xmcdn.com/group12/M05/00/78/wKgDXFa-nOHRLuQzAKpwckpebqQ339.m4a,2013-03-29
['乱世枭雄315'],http://audio.xmcdn.com/group12/M05/00/78/wKgDXFa-nO3CwW7sAKpmOh9h1UM078.m4a,2013-03-29
['乱世枭雄316'],http://audio.xmcdn.com/group13/M0A/01/1F/wKgDXVa-nPah6PQWAKpk5otsqs8592.m4a,2013-03-29
['乱世枭雄317'],http://audio.xmcdn.com/group13/M0A/01/20/wKgDXVa-nQfjIVwwAKpeGDO34n0510.m4a,2013-03-29
['乱世枭雄318'],http://audio.xmcdn.com/group13/M0B/01/1B/wKgDXla-nQ7ACn_2AKpvE7p4aws942.m4a,2013-03-29
['乱世枭雄319'],http://audio.xmcdn.com/group13/M0B/01/1C/wKgDXla-nRnDt6rFAKpu-5J-gYg746.m4a,2013-03-29
['乱世枭雄320'],http://audio.xmcdn.com/group7/M09/01/BE/wKgDWla-nS7A8MX3AKpb6YLyO0E446.m4a,2013-03-29
['乱世枭雄321'],http://audio.xmcdn.com/group7/M09/01/BE/wKgDWla-nS-zTT0FAKotBNxLv3s194.m4a,2013-03-29
['乱世枭雄322'],http://audio.xmcdn.com/group7/M09/01/A7/wKgDX1a-nTTxHBBeAKph91e3__c188.m4a,2013-03-29
['乱世枭雄323'],http://audio.xmcdn.com/group7/M09/01/BF/wKgDWla-nTTRBU-kAKpQFUxI_ak333.m4a,2013-03-29
['乱世枭雄324'],http://audio.xmcdn.com/group11/M00/0C/3B/wKgDbVa-nUbiP86aAKo0Nqex3xQ561.m4a,2013-03-29
['乱世枭雄325'],http://audio.xmcdn.com/group10/M01/00/21/wKgDaVa_6tnBgyIOAKpztLcxoz0270.m4a,2013-03-30
['乱世枭雄326'],http://audio.xmcdn.com/group10/M01/FC/EA/wKgDZ1a_6trjaYnjAKo16hCMy80961.m4a,2013-03-30
['乱世枭雄327'],http://audio.xmcdn.com/group10/M01/FC/EA/wKgDZ1a_6t2AKxaZAKpRmIUoZBI747.m4a,2013-03-30
['乱世枭雄328'],http://audio.xmcdn.com/group10/M01/FC/EA/wKgDZ1a_6tvQHmVEAKoizJFoalk336.m4a,2013-03-30
['乱世枭雄329'],http://audio.xmcdn.com/group16/M03/01/28/wKgDbFa_6wejWxR3AKpe8FGlDyQ329.m4a,2013-03-30
['乱世枭雄330'],http://audio.xmcdn.com/group16/M03/01/28/wKgDbFa_6wbx2XyBAKpZKkgH9X4964.m4a,2013-03-30
['乱世枭雄331'],http://audio.xmcdn.com/group16/M03/01/28/wKgDbFa_6xOglrr4AKpe2CUmMtM003.m4a,2013-03-30
['乱世枭雄332'],http://audio.xmcdn.com/group16/M07/01/46/wKgDala_6w2DOtcdAKpUe-WMJmg033.m4a,2013-03-30
['乱世枭雄333'],http://audio.xmcdn.com/group8/M09/01/51/wKgDYVa_6zKBJLiPAKqNytZ4oNs491.m4a,2013-03-30
['乱世枭雄334'],http://audio.xmcdn.com/group8/M09/01/51/wKgDYVa_6zPxiRQIAKpWIwBmiD0698.m4a,2013-03-30
['乱世枭雄335'],http://audio.xmcdn.com/group8/M09/01/4F/wKgDYFa_6ziy8RD-AKoqIcUfIUw452.m4a,2013-03-30
['乱世枭雄336'],http://audio.xmcdn.com/group8/M09/01/4F/wKgDYFa_6z3RmH7cAKpXgv8TfXs497.m4a,2013-03-30
['乱世枭雄337'],http://audio.xmcdn.com/group11/M09/0C/F3/wKgDbVa_62CRogrmAKpUezJACIg158.m4a,2013-03-30
['乱世枭雄338'],http://audio.xmcdn.com/group11/M09/0C/F2/wKgDbVa_612CkEy3AKpQFXVGaeY379.m4a,2013-03-30
['乱世枭雄339'],http://audio.xmcdn.com/group11/M09/F3/D5/wKgDa1a_617xtgHOAKpdbdXMfik499.m4a,2013-03-30
['乱世枭雄340'],http://audio.xmcdn.com/group9/M02/01/AF/wKgDZla_7fSD7byTAKpewNx_58U076.m4a,2013-03-30
['乱世枭雄341'],http://audio.xmcdn.com/group14/M06/02/A3/wKgDZFa_64jAlV09AKppNWtyOCI899.m4a,2013-03-30
['乱世枭雄342'],http://audio.xmcdn.com/group14/M06/02/C9/wKgDY1a_64XgBUpIAKpkti66zIU824.m4a,2013-03-30
['乱世枭雄343'],http://audio.xmcdn.com/group14/M06/02/A3/wKgDZFa_64aSYzpzAKpXgiWSZxY951.m4a,2013-03-30
['乱世枭雄344'],http://audio.xmcdn.com/group14/M06/02/CA/wKgDY1a_65ORZEGXAKpUh4PrBS8261.m4a,2013-03-30
['乱世枭雄345'],http://audio.xmcdn.com/group15/M01/00/71/wKgDaFa_67HT34KlAKpdYX_Qcsw699.m4a,2013-03-30
['乱世枭雄346'],http://audio.xmcdn.com/group15/M01/00/71/wKgDaFa_67CTrp8XAKpUe4A7uus258.m4a,2013-03-30
['乱世枭雄347'],http://audio.xmcdn.com/group15/M01/00/71/wKgDaFa_67ryjUnzAKpLrn18DPE635.m4a,2013-03-30
['乱世枭雄348'],http://audio.xmcdn.com/group15/M01/00/54/wKgDZVa_67-RhjxoAKpdSQddWYk620.m4a,2013-03-30
['乱世枭雄349'],http://audio.xmcdn.com/group10/M0B/FC/EA/wKgDZ1a_69aCbE94AKpkw_MnYFE852.m4a,2013-03-30
['乱世枭雄350'],http://audio.xmcdn.com/group10/M0B/FC/EA/wKgDZ1a_696hiV_aAKpQUZA-yQc589.m4a,2013-03-30
['乱世枭雄351'],http://audio.xmcdn.com/group10/M0B/FC/EA/wKgDZ1a_6-LgSkC7AKpQLf-CWmI744.m4a,2013-03-30
['乱世枭雄352'],http://audio.xmcdn.com/group10/M0B/FC/EB/wKgDZ1a_6_uBHnXJAKpqfHczRoY677.m4a,2013-03-30
['乱世枭雄353'],http://audio.xmcdn.com/group10/M0B/FC/EB/wKgDZ1a_7AeitEXCAKpb0fm_n7k926.m4a,2013-03-30
['乱世枭雄354'],http://audio.xmcdn.com/group9/M0B/01/AD/wKgDZla_7AmT1dlaAKpkzkmXVCc803.m4a,2013-03-30
['乱世枭雄355'],http://audio.xmcdn.com/group9/M0B/01/61/wKgDYla_7CPwbZQaAKpu4_pUlb0276.m4a,2013-03-30
['乱世枭雄356'],http://audio.xmcdn.com/group7/M06/02/69/wKgDX1a_7KTDpq7cAKppKY5mX24595.m4a,2013-03-30
['乱世枭雄357'],http://audio.xmcdn.com/group9/M0B/01/61/wKgDYla_7C7iJOwMAKpdbfOnGso612.m4a,2013-03-30
['乱世枭雄358'],http://audio.xmcdn.com/group9/M0B/01/61/wKgDYla_7C7Ajg1yAKpe2HxRucA485.m4a,2013-03-30
['乱世枭雄359'],http://audio.xmcdn.com/group12/M02/01/36/wKgDXFa_7EShG_F3AKpZF0BiKr4822.m4a,2013-03-30
['乱世枭雄360'],http://audio.xmcdn.com/group12/M02/01/36/wKgDXFa_7FGyOjs9AKpkwv36BS0533.m4a,2013-03-30
['乱世枭雄361'],http://audio.xmcdn.com/group14/M08/02/CA/wKgDY1a_7FCw7q60AKpe85MQGnI633.m4a,2013-03-30
['乱世枭雄362'],http://audio.xmcdn.com/group14/M08/02/A4/wKgDZFa_7GOjAjb7AKpZBktAVCU146.m4a,2013-03-30
['乱世枭雄363'],http://audio.xmcdn.com/group13/M0B/01/E0/wKgDXla_7HXwtfgYAKp8FhSRo1U647.m4a,2013-03-30
['乱世枭雄364'],http://audio.xmcdn.com/group13/M09/01/DD/wKgDXVa_7HKStVXEAKpu45WqEtM737.m4a,2013-03-30
['乱世枭雄365'],http://audio.xmcdn.com/group7/M06/02/82/wKgDWla_7ITTjBviAKpu-7FFfOY137.m4a,2013-03-30
['乱世枭雄366'],http://audio.xmcdn.com/group7/M06/02/69/wKgDX1a_7I_SVhfEAKpdeda423g478.m4a,2013-03-30
['乱世枭雄367'],http://audio.xmcdn.com/group7/M06/02/69/wKgDX1a_7JDCuYMfAKpb6YgLOfM699.m4a,2013-03-30
['乱世枭雄368'],http://audio.xmcdn.com/group10/M00/FE/B1/wKgDaVa9R87RbR3UAKpXmv4pGhY620.m4a,2013-03-30
['乱世枭雄369'],http://audio.xmcdn.com/group10/M0A/FB/7F/wKgDZ1a9R9rSPX5IAKpOnRW01Xc111.m4a,2013-03-30
['乱世枭雄370'],http://audio.xmcdn.com/group10/M00/FE/B1/wKgDaVa9R93gjCvZAKpk61wH2gc468.m4a,2013-03-30
['乱世枭雄371'],http://audio.xmcdn.com/group11/M04/F2/62/wKgDa1a9R-CSfsJkAKppKV1cD3Y077.m4a,2013-03-30
['乱世枭雄372'],http://audio.xmcdn.com/group11/M04/F2/63/wKgDa1a9R-6QOYzgAKpY-o3gXpg768.m4a,2013-03-30
['乱世枭雄373'],http://audio.xmcdn.com/group11/M04/F2/63/wKgDa1a9R_2z36zdAKpdecN8UuY633.m4a,2013-03-30
['乱世枭雄374'],http://audio.xmcdn.com/group11/M04/0B/84/wKgDbVa9SATyLWH0AKpXgo3gcPc394.m4a,2013-03-30
['乱世枭雄375'],http://audio.xmcdn.com/group8/M05/FF/DA/wKgDYFa9SA3hjquUAKpmLlppZq0733.m4a,2013-03-30
['乱世枭雄376'],http://audio.xmcdn.com/group14/M01/01/28/wKgDZFa9SCLyASOTAKpXqVlH5q0192.m4a,2013-03-30
['乱世枭雄377'],http://audio.xmcdn.com/group9/M00/00/3F/wKgDZla9SCyxVOJFAKpXdmgIB24706.m4a,2013-03-30
['乱世枭雄378'],http://audio.xmcdn.com/group9/M00/00/3F/wKgDZla9SC3TpbDKAKppNeVPjqI556.m4a,2013-03-30
['乱世枭雄379'],http://audio.xmcdn.com/group9/M00/00/40/wKgDZla9SDvQtvgvAKpqlADhUNY973.m4a,2013-03-30
['乱世枭雄380'],http://audio.xmcdn.com/group9/M00/00/40/wKgDZla9SEXDr1oFAKpXgpEUCSc369.m4a,2013-03-30
['乱世枭雄381'],http://audio.xmcdn.com/group15/M00/FE/F6/wKgDaFa9SFDC0vvDAKpXgk6ceYI285.m4a,2013-03-30
['乱世枭雄382'],http://audio.xmcdn.com/group15/M00/FE/F6/wKgDaFa9SFWxAKDRAKppHQZ5euc603.m4a,2013-03-30
['乱世枭雄383'],http://audio.xmcdn.com/group8/M08/FF/DB/wKgDYFa9SHDClLWHAKpdSU7PK3A350.m4a,2013-03-30
['乱世枭雄384'],http://audio.xmcdn.com/group8/M08/FF/DC/wKgDYFa9SH2Sle95AKpQLdsLjqI249.m4a,2013-03-30
['乱世枭雄385'],http://audio.xmcdn.com/group8/M08/FF/DC/wKgDYFa9SImzraN7AKpOtReNSyg947.m4a,2013-03-30
['乱世枭雄386'],http://audio.xmcdn.com/group8/M08/FF/E7/wKgDYVa9SIXCvC0-AKpdecr7Sqg704.m4a,2013-03-30
['乱世枭雄387'],http://audio.xmcdn.com/group12/M08/FF/C5/wKgDW1a9SJODMitfAKpqlEDPFbo789.m4a,2013-03-30
['乱世枭雄388'],http://audio.xmcdn.com/group16/M03/FF/A8/wKgDbFa9SJ-SCQzOAKpjP-kFwUk619.m4a,2013-03-30
['乱世枭雄389'],http://audio.xmcdn.com/group16/M03/FF/A9/wKgDbFa9SLCi1v4FAKpXputICm8249.m4a,2013-03-30
['乱世枭雄390'],http://audio.xmcdn.com/group16/M03/FF/A9/wKgDbFa9SKuyuponAKpY4qh56pg091.m4a,2013-03-30
['乱世枭雄391'],http://audio.xmcdn.com/group15/M02/FE/F7/wKgDaFa9SLPhIOKdAKpe8sE6D1g738.m4a,2013-03-30
['乱世枭雄392'],http://audio.xmcdn.com/group15/M02/FE/F8/wKgDaFa9SMvjhs-yAKpe_MzU9Xs289.m4a,2013-03-30
['乱世枭雄393'],http://audio.xmcdn.com/group15/M08/FE/DA/wKgDZVa9SMaw-sDnAKpdjWJzEAM643.m4a,2013-03-30
['乱世枭雄394'],http://audio.xmcdn.com/group15/M09/FE/DE/wKgDZVa9S9CwWOLqAKpkv1p_xXs439.m4a,2013-03-30
['乱世枭雄395'],http://audio.xmcdn.com/group14/M07/01/50/wKgDY1a9SODDKksqAKpb0URVFjg827.m4a,2013-03-30
['乱世枭雄396'],http://audio.xmcdn.com/group14/M07/01/29/wKgDZFa9SOaROlr5AKpYIbClQNk061.m4a,2013-03-30
['乱世枭雄397'],http://audio.xmcdn.com/group15/M09/FE/DE/wKgDZVa9S8WyjzS5AKpktpAB29E910.m4a,2013-03-30
['乱世枭雄398'],http://audio.xmcdn.com/group12/M0B/FF/C6/wKgDW1a9SPrTfOZOAKpZEhWPjhk335.m4a,2013-03-30
['乱世枭雄399'],http://audio.xmcdn.com/group13/M04/00/67/wKgDXla9SQTgq9MHAKpRmIpjexw829.m4a,2013-03-30
['乱世枭雄400'],http://audio.xmcdn.com/group8/M06/FF/DD/wKgDYFa9SRCwyuNGAKpOtY9JEmo640.m4a,2013-03-30
